{
  "hash": "c3b93792",
  "configHash": "4477b03e",
  "lockfileHash": "3cec0036",
  "browserHash": "b17e5276",
  "optimized": {
    "@angular/core": {
      "src": "../../../../../../node_modules/@angular/core/fesm2022/core.mjs",
      "file": "@angular_core.js",
      "fileHash": "e8040bc1",
      "needsInterop": false
    },
    "@angular/forms": {
      "src": "../../../../../../node_modules/@angular/forms/fesm2022/forms.mjs",
      "file": "@angular_forms.js",
      "fileHash": "6e5d9050",
      "needsInterop": false
    },
    "@angular/platform-browser": {
      "src": "../../../../../../node_modules/@angular/platform-browser/fesm2022/platform-browser.mjs",
      "file": "@angular_platform-browser.js",
      "fileHash": "74392167",
      "needsInterop": false
    },
    "@angular/router": {
      "src": "../../../../../../node_modules/@angular/router/fesm2022/router.mjs",
      "file": "@angular_router.js",
      "fileHash": "63902b74",
      "needsInterop": false
    },
    "@angular/common": {
      "src": "../../../../../../node_modules/@angular/common/fesm2022/common.mjs",
      "file": "@angular_common.js",
      "fileHash": "beeddb46",
      "needsInterop": false
    },
    "@angular/common/http": {
      "src": "../../../../../../node_modules/@angular/common/fesm2022/http.mjs",
      "file": "@angular_common_http.js",
      "fileHash": "0f7d8c22",
      "needsInterop": false
    },
    "rxjs": {
      "src": "../../../../../../node_modules/rxjs/dist/esm5/index.js",
      "file": "rxjs.js",
      "fileHash": "bae75758",
      "needsInterop": false
    },
    "tslib": {
      "src": "../../../../../../node_modules/tslib/tslib.es6.mjs",
      "file": "tslib.js",
      "fileHash": "0e39a044",
      "needsInterop": false
    }
  },
  "chunks": {
    "chunk-6BILAJL7": {
      "file": "chunk-6BILAJL7.js"
    },
    "chunk-ZUZ44GSI": {
      "file": "chunk-ZUZ44GSI.js"
    },
    "chunk-R6MNYY7N": {
      "file": "chunk-R6MNYY7N.js"
    },
    "chunk-5EOQENTS": {
      "file": "chunk-5EOQENTS.js"
    },
    "chunk-6CHVVP4N": {
      "file": "chunk-6CHVVP4N.js"
    },
    "chunk-EPAV4CNQ": {
      "file": "chunk-EPAV4CNQ.js"
    }
  }
}